rank,artist,title,youtube_views,youtube_url,youtube_upload_date,youtube_video_title,original_release_year
1,Sinead O'Connor,NOTHING COMPARES 2 U,546541603,https://www.youtube.com/watch?v=0-EF60neguk,,Sinéad O'Connor - Nothing Compares 2 U (Official Music Video) [HD],1990
2,Prince,PURPLE RAIN,270543261,https://www.youtube.com/watch?v=TvnYmWpD_T8,,Prince - Purple Rain (Official Video),1984
3,Dire Straits,BROTHERS IN ARMS,218016668,https://www.youtube.com/watch?v=jhdFe3evXpk,,Dire Straits - Brothers In Arms (Official Music Video),1985
4,Queen,BOHEMIAN RHAPSODY,2011902732,https://www.youtube.com/watch?v=fJ9rUzIMcZQ,,Queen – Bohemian Rhapsody (Official Video Remastered),1975
5,The Doors,RIDERS ON THE STORM,128821988,https://www.youtube.com/watch?v=iv8GW1GaoIc,,The Doors - Riders On The Storm,1971
6,Bruce Springsteen,STREETS OF PHILADELPHIA,229079003,https://www.youtube.com/watch?v=4z2DtNW79sQ,,Bruce Springsteen - Streets of Philadelphia (Official Video),1994
7,Archive,AGAIN,14501503,https://www.youtube.com/watch?v=r7rF2EZ0A_0,,Archive - Again,2002
8,Peter Gabriel & Kate Bush,DON'T GIVE UP,64046892,https://www.youtube.com/watch?v=VjEq-r2agqc,,Peter Gabriel - Don't Give Up (ft. Kate Bush),1986
9,Led Zeppelin,STAIRWAY TO HEAVEN,208574303,https://www.youtube.com/watch?v=2cZ_EFAmj08,,Heart - Stairway to Heaven Led Zeppelin - Kennedy Center Honors HD,1971
10,Eagles,HOTEL CALIFORNIA,770766210,https://www.youtube.com/watch?v=09839DpTctU,,Eagles - Hotel California (Live 1977) (Official Video) [HD],1977
11,The Animals,HOUSE OF THE RISING SUN,198153644,https://www.youtube.com/watch?v=N4bFqW_eu2I,,The Animals - House Of The Rising Sun (Music Video) [4K HD],1964
12,John Lennon,IMAGINE,336217610,https://www.youtube.com/watch?v=YkgkThdzX-8,,"IMAGINE. (Ultimate Mix, 2020) - John Lennon & The Plastic Ono Band (with the Flux Fiddlers) HD",1971
13,Deep Purple,CHILD IN TIME,199479813,https://www.youtube.com/watch?v=OorZcOzNcgE,,Deep Purple - Child In Time - Live (1970),1970
14,Alphaville,FOREVER YOUNG,84358947,https://www.youtube.com/watch?v=YHRvDo8rUoQ,,Alphaville - Forever Young (Official Video HD),1984
15,Louis Armstrong,WHAT A WONDERFUL WORLD,68443538,https://www.youtube.com/watch?v=VqhCQZaH4Vs,,Louis Armstrong - What A Wonderful World,1967
16,Guns N' Roses,NOVEMBER RAIN,2383907335,https://www.youtube.com/watch?v=8SbUC-UaAxE,,Guns N' Roses - November Rain,1992
17,The Police,EVERY BREATH YOU TAKE,1574149002,https://www.youtube.com/watch?v=OMOGaugKpzs,,The Police - Every Breath You Take (Official Music Video),1983
18,Pink Floyd,WISH YOU WERE HERE,136651029,https://www.youtube.com/watch?v=84Tq-eAJIk4,,Pink Floyd - Wish You Were Here (PULSE Restored & Re-Edited),1975
19,Marillion,KAYLEIGH,3516574,https://www.youtube.com/watch?v=0SUuEwhQ4ec,,MARILLION - Intro + Kayleigh + Lavender,1985
20,Kate Bush,RUNNING UP THAT HILL,369500830,https://www.youtube.com/watch?v=wp43OdtAAkM,,Kate Bush - Running Up That Hill - Official Music Video,1985
21,The Cranberries,ZOMBIE,1776583302,https://www.youtube.com/watch?v=6Ejga4kJUts,,The Cranberries - Zombie (Official Music Video),1994
22,Phil Collins,IN THE AIR TONIGHT,326592121,https://www.youtube.com/watch?v=YkADj0TPrJA,,Phil Collins - In The Air Tonight (Official Music Video),1981
23,Metallica,NOTHING ELSE MATTERS,1581929596,https://www.youtube.com/watch?v=tAGnKpE4NCI,,Metallica: Nothing Else Matters (Official Music Video),1992
24,Barbra Streisand,WOMAN IN LOVE,40595306,https://www.youtube.com/watch?v=hQLGCX8D-1Y,,Barbra Streisand - Woman in Love (Official Audio),1980
25,Nirvana,SMELLS LIKE TEEN SPIRIT,2109682712,https://www.youtube.com/watch?v=hTWKbfoikeg,,Nirvana - Smells Like Teen Spirit (Official Music Video),1991
26,Frank Sinatra,MY WAY,300512642,https://www.youtube.com/watch?v=qQzdAsjWGPg,,My Way (2008 Remastered),1969
27,Depeche Mode,ENJOY THE SILENCE,516584128,https://www.youtube.com/watch?v=aGSKrC7dGcY,,Depeche Mode - Enjoy the Silence,1990
28,Radiohead,CREEP,1351893267,https://www.youtube.com/watch?v=XFkzRNyygfk,,Radiohead - Creep,1992
29,Red Hot Chili Peppers,CALIFORNICATION,1326660828,https://www.youtube.com/watch?v=YlUKcNNmywk,,Red Hot Chili Peppers - Californication (Official Music Video) [HD UPGRADE],1999
30,George Michael,CARELESS WHISPER,1504209813,https://www.youtube.com/watch?v=izGwDsrQ1eQ,,George Michael - Careless Whisper (Official Video),1984
31,U2,ONE,257179805,https://www.youtube.com/watch?v=ZpDQJnI4OhU,,"Mary J. Blige, U2 - One (Official Music Video)",1992
32,Simon And Garfunkel,THE SOUND OF SILENCE,182118247,https://www.youtube.com/watch?v=NAEppFUWLfc,,Simon & Garfunkel - The Sound of Silence (from The Concert in Central Park),1965
33,Black Sabbath,PARANOID,367312626,https://www.youtube.com/watch?v=0qanF-91aJo,,"BLACK SABBATH - ""Paranoid"" (Official Video)",1970
34,Omega,GYÖNGYHAJÚ LÁNY (DZIEWCZYNA O PERŁOWYCH WŁOSACH),15269083,https://www.youtube.com/watch?v=SNLsmh_otYs,,"Omega - The Girl With The Pearl's Hair (org. ""Gyöngyhajú lány"")",1969
35,Sting,SHAPE OF MY HEART,397592679,https://www.youtube.com/watch?v=QK-Z1K67uaA,,Sting - Shape of My Heart (Leon),1993
36,AC/DC,THUNDERSTRUCK,1664159918,https://www.youtube.com/watch?v=v2AC41dglnM,,AC/DC - Thunderstruck (Official Video),1990
37,ABC,THE LOOK OF LOVE,30451412,https://www.youtube.com/watch?v=cNEdxZURTaI,,ABC - The Look Of Love,1982
38,Led Zeppelin,KASHMIR,192327216,https://www.youtube.com/watch?v=PD-MdiUm1_Y,,Led Zeppelin - Kashmir (Live from Celebration Day) [Official Video],1975
39,The Beatles,YESTERDAY,103164259,https://www.youtube.com/watch?v=wXTJBr9tt8Q,,"The Beatles - Yesterday (Live With Spoken Word Intro, New York) [Remastered 2015]",1965
40,Amy Winehouse,BACK TO BLACK,1382234069,https://www.youtube.com/watch?v=TJAfLE39ZZ8,,Amy Winehouse - Back To Black,2006
41,Genesis,MAMA,35552351,https://www.youtube.com/watch?v=Ccs2rt0oSzQ,,Genesis - Mama (Official Music Video),1983
42,a-ha,TAKE ON ME,2320275110,https://www.youtube.com/watch?v=djV11Xbc914,,a-ha - Take On Me (Official Video) [4K],1985
43,Sting,ENGLISHMAN IN NEW YORK,350526112,https://www.youtube.com/watch?v=d27gTrPPAyk,,Sting - Englishman In New York,1988
44,AC/DC,HIGHWAY TO HELL,681858667,https://www.youtube.com/watch?v=gEPmA3USJdI,,"AC/DC - Highway to Hell (Live At River Plate, December 2009)",1979
45,R.E.M.,LOSING MY RELIGION,1401108049,https://www.youtube.com/watch?v=xwtdhWltSIg,,R.E.M. - Losing My Religion (Official HD Music Video),1991
46,Eric Clapton,TEARS IN HEAVEN,123364412,https://www.youtube.com/watch?v=JxPj3GAYYZ0,,Eric Clapton - Tears In Heaven (Official Video),1992
47,Pink Floyd,HIGH HOPES,136181892,https://www.youtube.com/watch?v=7jMlFXouPk8,,Pink Floyd - High Hopes (Official Music Video HD),1994
48,Phil Collins,ANOTHER DAY IN PARADISE,646462832,https://www.youtube.com/watch?v=Qt2mbGP6vFI,,Phil Collins - Another Day In Paradise (Official Music Video),1989
49,David Bowie & Pat Metheny,THIS IS NOT AMERICA,6807314,https://www.youtube.com/watch?v=bYkPtYw82f8,,This Is Not America (2002 Remaster),1985
50,Tina Turner & David Bowie,TONIGHT (LIVE),33205190,https://www.youtube.com/watch?v=p4WG_y7owmM,,Tina Turner - Tonight (with David Bowie) [Live],1979
51,Monty Python,ALWAYS LOOK ON THE BRIGHT SIDE OF LIFE,16331192,https://www.youtube.com/watch?v=jHPOzQzk9Qo,,Monty Python - Always Look on the Bright Side of Life,1979
52,Chris Isaak,WICKED GAME,167786219,https://www.youtube.com/watch?v=ozv8ugNm0P0,,Chris Isaak - Wicked Game (Live),1989
53,Europe,THE FINAL COUNTDOWN,1380678588,https://www.youtube.com/watch?v=9jK-NcRmVcw,,Europe - The Final Countdown (Official Video),1986
54,Dire Straits,SULTANS OF SWING,514396470,https://www.youtube.com/watch?v=h0ffIJ7ZO4U,,Dire Straits - Sultans Of Swing (Official Music Video),1978
55,Bee Gees,STAYIN' ALIVE,468704974,https://www.youtube.com/watch?v=fNFzfwLM72c,,Bee Gees - Stayin' Alive (Official Music Video),1977
56,Gotye feat. Kimbra,SOMEBODY THAT I USED TO KNOW,2586247808,https://www.youtube.com/watch?v=8UVNT4wvIGY,,Gotye - Somebody That I Used To Know (feat. Kimbra) [Official Music Video],2011
57,Iggy Pop,THE PASSENGER,106676590,https://www.youtube.com/watch?v=-fWw7FE9tTo,,Iggy Pop - The Passenger (Official Video),1977
58,Bob Marley,"NO WOMAN, NO CRY",103600071,https://www.youtube.com/watch?v=mZ6VezKMoRY,,"Bob Marley & The Wailers - No Woman, No Cry (Live At The Rainbow 4th June 1977)",1975
59,Eurythmics,SWEET DREAMS (ARE MADE OF THIS),1125082111,https://www.youtube.com/watch?v=qeMFqkcPYcg,,"Eurythmics, Annie Lennox, Dave Stewart - Sweet Dreams (Are Made Of This) (Official Video)",1983
60,King Crimson,EPITAPH,11869342,https://www.youtube.com/watch?v=vXrpFxHfppI,,"King Crimson - Epitaph (Including ""March For No Reason"" and ""Tomorrow And Tomorrow"")",1969
61,Black,WONDERFUL LIFE,180055550,https://www.youtube.com/watch?v=u1ZoHfJZACA,,Black - Wonderful Life,1986
62,Nirvana,COME AS YOU ARE,669177654,https://www.youtube.com/watch?v=vabnZ9-ex7o,,Nirvana - Come As You Are (Official Music Video),1992
63,Pink Floyd,COMFORTABLY NUMB,291504605,https://www.youtube.com/watch?v=_FrOQC-zEog,,Pink Floyd - Comfortably numb,1979
64,The Police,ROXANNE,180152549,https://www.youtube.com/watch?v=3T1c7GkzRQQ,,The Police - Roxanne (Official Music Video),1978
65,Berlin,TAKE MY BREATH AWAY,597112296,https://www.youtube.com/watch?v=Bx51eegLTY8,,Berlin - Take My Breath Away (Official Video - Top Gun),1986
66,Queen & David Bowie,UNDER PRESSURE,260448826,https://www.youtube.com/watch?v=a01QQZyl-_I,,Queen and David Bowie - Under Pressure (Official Video),1981
67,Sting,FRAGILE,148662076,https://www.youtube.com/watch?v=lB6a-iD6ZOY,,Sting - Fragile,1987
68,U2,WITH OR WITHOUT YOU,390204147,https://www.youtube.com/watch?v=6DeDzsCGbsQ,,U2 - With Or Without You (U2 At The BBC),1987
69,Pink Floyd,ANOTHER BRICK IN THE WALL PART II,130031234,https://www.youtube.com/watch?v=W0bi7OfaKMY,,"Pink Floyd - ""Another Brick in The Wall  "" PULSE Remastered 2019",1979
70,Bobby McFerrin,"DON'T WORRY, BE HAPPY",448758023,https://www.youtube.com/watch?v=d-diB65scQU,,Bobby McFerrin - Don't Worry Be Happy (Official Music Video),1988
71,Tina Turner,PRIVATE DANCER,47520362,https://www.youtube.com/watch?v=d4QnalIHlVc,,Tina Turner - Private Dancer (Official Music Video) [4K Upgrade],1984
72,Toto,AFRICA,1209498777,https://www.youtube.com/watch?v=FTQbiNvZqaY,,Toto - Africa (Official HD Video),1982
73,The Rolling Stones,ANGIE,81934037,https://www.youtube.com/watch?v=RcZn2-bGXqQ,,The Rolling Stones - Angie - OFFICIAL PROMO (Version 1),1973
74,Bronski Beat,SMALLTOWN BOY,177689328,https://www.youtube.com/watch?v=88sARuFu-tc,,Bronski Beat - Smalltown Boy (Official Video),1984
75,ABBA,DANCING QUEEN,1056986595,https://www.youtube.com/watch?v=xFrGuyw1V8s,,ABBA - Dancing Queen (Official Music Video),1976
76,David Bowie,LET'S DANCE,79736866,https://www.youtube.com/watch?v=VbD_kBJc_gI,,David Bowie - Let's Dance (Official Video) [HD],1983
77,Dire Straits,MONEY FOR NOTHING,151759307,https://www.youtube.com/watch?v=wTP2RUD_cL0,,Dire Straits - Money For Nothing (Official Music Video),1985
78,Sade,SMOOTH OPERATOR,212026375,https://www.youtube.com/watch?v=4TYv2PhG89A,,Sade - Smooth Operator - Official - 1984,1984
79,Foreigner,I WANT TO KNOW WHAT LOVE IS,519305371,https://www.youtube.com/watch?v=r3Pr1_v7hsw,,Foreigner - I Want To Know What Love Is (Official Music Video),1984
80,Adele,SOMEONE LIKE YOU (LIVE),2432548979,https://www.youtube.com/watch?v=hLQl3WQQoQ0,,Adele - Someone Like You (Official Music Video),2011
81,Leonard Cohen,DANCE ME TO THE END OF LOVE,199098281,https://www.youtube.com/watch?v=NGorjBVag0I,,Leonard Cohen - Dance Me to the End of Love (Official Video),1984
82,Eric Clapton,LAYLA (UNPLUGGED),14856333,https://www.youtube.com/watch?v=EOs0qeiJyIg,,Layla (Acoustic Live),1970
83,Frankie Goes To Hollywood,THE POWER OF LOVE,26185847,https://www.youtube.com/watch?v=WtdRv6GT9Zg,,Frankie Goes To Hollywood - The Power Of Love,1984
84,R.E.M.,EVERYBODY HURTS,182477235,https://www.youtube.com/watch?v=5rOiW_xY-kc,,R.E.M. - Everybody Hurts (Official HD Music Video),1993
85,Bob Dylan,KNOCKIN' ON HEAVEN'S DOOR,40772598,https://www.youtube.com/watch?v=rm9coqlk8fY,,Bob Dylan - Knockin' On Heaven's Door (Official Audio),1973
86,Ultravox,DANCING WITH TEARS IN MY EYES,10440957,https://www.youtube.com/watch?v=PSQWUZ8a2Ho,,Ultravox - Dancing With Tears In My Eyes (Official Music Video) [HD Remaster],1984
87,Aerosmith,DREAM ON,200211573,https://www.youtube.com/watch?v=89dGC8de0CA,,Aerosmith - Dream On (Audio),1973
88,INXS,NEVER TEAR US APART,152907997,https://www.youtube.com/watch?v=AIBv2GEnXlc,,INXS - Never Tear Us Apart (Official Music Video),1988
89,ABBA,THE WINNER TAKES IT ALL,210054350,https://www.youtube.com/watch?v=92cwKCU8Z5c,,ABBA - The Winner Takes It All,1980
90,Procol Harum,A WHITER SHADE OF PALE,117599117,https://www.youtube.com/watch?v=St6jyEFe5WM,,"Procol Harum - A Whiter Shade of Pale, live in Denmark 2006",1967
91,Chris de Burgh,THE LADY IN RED,64963427,https://www.youtube.com/watch?v=T9Jcs45GhxU,,Chris De Burgh - Lady In Red (Official Video),1986
92,Nick Cave & Kylie Minogue,WHERE THE WILD ROSES GROW,37967742,https://www.youtube.com/watch?v=lDpnjE1LUvE,,Nick Cave & The Bad Seeds ft. Kylie Minogue - Where The Wild Roses Grow (Official HD Video),1995
93,Chuck Mangione,CHILDREN OF SANCHEZ,506839,https://www.youtube.com/watch?v=QakBS7J9O2E,,Chuck Mangione - Children Of Sanchez,1978
94,Alanis Morissette,IRONIC,295274915,https://www.youtube.com/watch?v=Jne9t8sHpUc,,Alanis Morissette - Ironic (Official 4K Music Video),1996
95,Patrick Swayze,SHE'S LIKE THE WIND,288123791,https://www.youtube.com/watch?v=lU9p1WRfA9w,,Patrick Swayze - She's Like The Wind (Official HD Video) ft. Wendy Fraser,1987
96,Scorpions,WIND OF CHANGE,1192539403,https://www.youtube.com/watch?v=n4RjJKxsamQ,,Scorpions - Wind Of Change (Official Music Video),1991
97,David Bowie,SPACE ODDITY,146090906,https://www.youtube.com/watch?v=iYYRH4apXDo,,David Bowie - Space Oddity (Official Video),1969
98,Red Hot Chili Peppers,UNDER THE BRIDGE,335664824,https://www.youtube.com/watch?v=GLvohMXgcBo,,Red Hot Chili Peppers - Under The Bridge [Official Music Video],1992
99,Depeche Mode,PERSONAL JESUS,210985180,https://www.youtube.com/watch?v=u1xrNaTO1bI,,Depeche Mode - Personal Jesus,1989
100,Whitney Houston,I WILL ALWAYS LOVE YOU,1847524666,https://www.youtube.com/watch?v=3JWTaaS7LdU,,Whitney Houston - I Will Always Love You (Official 4K Video),1992
101,Queen,THE SHOW MUST GO ON,278491048,https://www.youtube.com/watch?v=t99KH0TR-J4,,Queen - The Show Must Go On (Official Video),1991
102,The Cars,DRIVE,262912756,https://www.youtube.com/watch?v=xuZA6qiJVfU,,The Cars - Drive (Official Music Video),1984
103,Nick Cave & The Bad Seeds,INTO MY ARMS,35247948,https://www.youtube.com/watch?v=LnHoqHscTKE,,Nick Cave & The Bad Seeds - Into My Arms (4K Official Video),1997
104,Joy Division,LOVE WILL TEAR US APART,91859542,https://www.youtube.com/watch?v=zuuObGsB0No,,Joy Division - Love Will Tear Us Apart [OFFICIAL MUSIC VIDEO],1980
105,Michael Jackson,BILLIE JEAN,2001900311,https://www.youtube.com/watch?v=Zi_XLOBDo_Y,,Michael Jackson - Billie Jean (Official Video),1983
106,Katie Melua,NINE MILLION BICYCLES,5703414,https://www.youtube.com/watch?v=rrPUJsZQSkw,,Katie Melua - Nine Million Bicycles (Official Video) (4K Remaster),2005
107,Jean Michel Jarre,OXYGENE 4,16748927,https://www.youtube.com/watch?v=kSIMVnPA994,,"Jean-Michel Jarre - Oxygene, Pt. 4",1976
108,Madonna,FROZEN,286756455,https://www.youtube.com/watch?v=XS088Opj9o0,,Madonna - Frozen (Official Video) [HD],1998
109,Leonard Cohen,HALLELUJAH,269413328,https://www.youtube.com/watch?v=YrLk4vdY28Q,,Leonard Cohen - Hallelujah (Official Live in London 2008),1984
110,Suzanne Vega,LUKA,91411066,https://www.youtube.com/watch?v=VZt7J0iaUD0,,Suzanne Vega - Luka,1987
111,Queen,INNUENDO,74040756,https://www.youtube.com/watch?v=g2N0TkfrQhY,,Queen - Innuendo (Official Video),1991
112,The Cure,LULLABY,96800144,https://www.youtube.com/watch?v=ijxk-fgcg7c,,The Cure - Lullaby,1989
113,Adele,SKYFALL,783209232,https://www.youtube.com/watch?v=DeumyOzKqgI,,Adele - Skyfall (Official Lyric Video),2012
114,Phil Collins,AGAINST ALL ODDS (TAKE A LOOK AT ME NOW),70436581,https://www.youtube.com/watch?v=wuvtoyVi7vY,,Phil Collins - Against All Odds (Take A Look At Me Now) (Official Music Video),1984
115,Ennio Morricone,CHI MAI,12905302,https://www.youtube.com/watch?v=_i5UdZuNmmY,,Ennio Morricone - Chi Mai,1971
116,Mike Oldfield,TUBULAR BELLS,23277111,https://www.youtube.com/watch?v=sSRJvq4Wd48,,Mike Oldfield - Tubular bells,1973
117,Deep Purple,PERFECT STRANGERS,149207387,https://www.youtube.com/watch?v=gZ_kez7WVUU,,Deep Purple - Perfect Strangers (Official Music Video),1984
118,Metallica,MASTER OF PUPPETS,123844971,https://www.youtube.com/watch?v=E0ozmU9cJDg,,Master of Puppets (Remastered),1986
119,Tanita Tikaram,TWIST IN MY SOBRIETY,68129908,https://www.youtube.com/watch?v=7s8glZ-efMg,,Tanita Tikaram - Twist In My Sobriety (Official Video),1988
120,Buena Vista Social Club,CHAN CHAN,55374733,https://www.youtube.com/watch?v=tGbRZ73NvlY,,Buena Vista Social Club - Chan Chan (Official HD Video),1997
121,Candy Dulfer & Dave Stewart,LILY WAS HERE,162719226,https://www.youtube.com/watch?v=86BmSaXZMHw,,Candy Dulfer & David A. Stewart - Lily Was Here,1989
122,Rod Stewart,SAILING,177922790,https://www.youtube.com/watch?v=iQzB5T_B_iI,,Rod Stewart - Sailing (from One Night Only! Rod Stewart Live at Royal Albert Hall),1975
123,Rage Against The Machine,KILLING IN THE NAME,333253230,https://www.youtube.com/watch?v=bWXazVhlyxQ,,Rage Against The Machine - Killing In the Name (Official HD Video),1992
124,Deep Purple,SMOKE ON THE WATER,29609429,https://www.youtube.com/watch?v=Q2FzZSBD5LE,,Deep Purple - Smoke On the Water (Official Music Video),1972
125,The Beatles,HEY JUDE,437228865,https://www.youtube.com/watch?v=A_MjCqQoLLA,,The Beatles - The Beatles - Hey Jude (Official Music Video) [Remastered 2015],1968
126,Lady Gaga & Bradley Cooper,SHALLOW,1822048313,https://www.youtube.com/watch?v=bo_efYhYU2A,,"Lady Gaga, Bradley Cooper - Shallow (from A Star Is Born) (Official Music Video)",2018
127,Pink Floyd,SHINE ON YOU CRAZY DIAMOND,100431263,https://www.youtube.com/watch?v=cWGE9Gi0bB0,,Pink Floyd - Shine On You Crazy Diamond [Official Music Video],1975
128,Pink Floyd,HEY YOU,95032322,https://www.youtube.com/watch?v=TFjmvfRvjTc,,"Pink Floyd - ""Hey You""",1979
129,No Doubt,DON'T SPEAK,1226934812,https://www.youtube.com/watch?v=TR3Vdo5etCQ,,No Doubt - Don't Speak (Official 4K Music Video),1995
130,USA For Africa,WE ARE THE WORLD,130666311,https://www.youtube.com/watch?v=p34sK9AYQN4,,"""We Are The World"" - OFFICIAL 35th ANNIVERSARY VIDEO",1985
131,The Alan Parsons Project,DON'T ANSWER ME,24653748,https://www.youtube.com/watch?v=JLvFbBR4XOg,,The Alan Parsons Project - Don't Answer Me (Official HD Video),1984
132,Kraftwerk,DAS MODEL,30357979,https://www.youtube.com/watch?v=OQIYEPe6DWY,,Kraftwerk - Das Model,1978
133,Sting,FIELDS OF GOLD,151955525,https://www.youtube.com/watch?v=KLVq0IAzh1A,,Sting - Fields Of Gold,1993
134,Pearl Jam,JEREMY,141673653,https://www.youtube.com/watch?v=MS91knuzoOA,,Pearl Jam - Jeremy (Official 4K Video),1991
135,Roxette,LISTEN TO YOUR HEART,481085986,https://www.youtube.com/watch?v=yCC_b5WHLX0,,Roxette - Listen To Your Heart (Official Music Video),1988
136,Vangelis,CHARIOTS OF FIRE,36608118,https://www.youtube.com/watch?v=8a-HfNE3EIo,,Vangelis - Chariots Of Fire,1981
137,The Moody Blues,NIGHTS IN WHITE SATIN,39603103,https://www.youtube.com/watch?v=cs4RG9u8IVU,,Nights in White Satin - The Moody Blues - in Paris.,1967
138,"Bryan Adams, Rod Stewart, Sting",ALL FOR LOVE,1222706516,https://www.youtube.com/watch?v=w46bWxS9IjY,,I Don't Want To Talk About It (from One Night Only! Rod Stewart Live at Royal Albert Hall),1993
139,Bruce Springsteen,BORN IN THE U.S.A.,100152814,https://www.youtube.com/watch?v=EPhWR4d3FJQ,,Bruce Springsteen - Born in the U.S.A. (Official Video),1984
140,Classix Nouveaux,NEVER NEVER COMES,1760618,https://www.youtube.com/watch?v=smk83l9Dz34,,Classix Nouveaux - Never Never Comes,1983
141,Michael Kiwanuka,COLD LITTLE HEART,255575523,https://www.youtube.com/watch?v=nOubjLM9Cbc,,Michael Kiwanuka - Cold Little Heart (Official Video),2016
142,Bee Gees,HOW DEEP IS YOUR LOVE,754321959,https://www.youtube.com/watch?v=XpqqjU7u5Yc,,Bee Gees - How Deep Is Your Love (Official Video),1977
143,Chris Rea,DRIVING HOME FOR CHRISTMAS,79003626,https://www.youtube.com/watch?v=DDt3u2Ev1cI,,Chris Rea ~ Driving Home For Christmas  (1986),1986
144,Aretha Franklin,I SAY A LITTLE PRAYER,36385308,https://www.youtube.com/watch?v=TDyiREoBw0o,,Aretha Franklin - I Say A Little Prayer (Official Lyric Video),1968
145,Wham!,LAST CHRISTMAS,1101981274,https://www.youtube.com/watch?v=E8gmARGvPlI,,Wham! - Last Christmas (Official Video),1984
146,Metallica,ONE,368938877,https://www.youtube.com/watch?v=WM8bTdBs-cw,,Metallica: One (Official Music Video),1988
147,Bryan Adams,(EVERYTHING I DO) I DO IT FOR YOU,934879916,https://www.youtube.com/watch?v=Y0pdQU87dc8,,Bryan Adams - (Everything I Do) I Do It For You,1991
148,Billie Eilish,BIRDS OF A FEATHER,673738635,https://www.youtube.com/watch?v=V9PVRfjEBTI,,Billie Eilish - BIRDS OF A FEATHER (Official Music Video),2024
149,Metallica,THE UNFORGIVEN,478327600,https://www.youtube.com/watch?v=Ckom3gf57Yw,,Metallica - The Unforgiven (Official Music Video),1991
150,The Doors,THE END,25941620,https://www.youtube.com/watch?v=BXqPNlng6uI,,The End,1967
151,Gary Moore,STILL GOT THE BLUES,102362766,https://www.youtube.com/watch?v=4O_YMLDvvnw,,Gary Moore - Still Got The Blues (Live),1990
152,Alphaville,BIG IN JAPAN,298670118,https://www.youtube.com/watch?v=sjGl-pq4RxQ,,Alphaville - Big In Japan (Extended 12'' Version Edit),1984
153,The Beatles,LET IT BE,209819320,https://www.youtube.com/watch?v=QDYfEBY9NM4,,Let It Be (Remastered 2009),1970
154,4 Non Blondes,WHAT'S UP,2073794203,https://www.youtube.com/watch?v=6NXnxTNIWkc,,4 Non Blondes - What's Up (Official Music Video),1993
155,George Michael,FREEDOM! 90,159546494,https://www.youtube.com/watch?v=diYAc7gB-0A,,George Michael - Freedom! ’90 (Official Video),1990
156,Soundgarden,BLACK HOLE SUN,307950191,https://www.youtube.com/watch?v=3mbBbFH9fAg,,Soundgarden - Black Hole Sun,1994
157,Roxette,IT MUST HAVE BEEN LOVE,943149117,https://www.youtube.com/watch?v=k2C5TjS2sh4,,Roxette - It Must Have Been Love (Official Music Video),1987
158,George Michael & Queen,SOMEBODY TO LOVE (LIVE),2557991,https://www.youtube.com/watch?v=kIb4gM84-o0,,Queen & George Michael - Somebody to Love (HD Remastered) (The Freddie Mercury Tribute Concert),1992
159,Edith Piaf,"NON, JE NE REGRETTE RIEN",117441663,https://www.youtube.com/watch?v=Q3Kvu6Kgp88,,"Edith Piaf - Non, Je ne regrette rien",1960
160,Ozzy Osbourne,MAMA I'M COMING HOME,139647773,https://www.youtube.com/watch?v=K0siYUjV9UM,,"OZZY OSBOURNE - ""Mama, I'm Coming Home"" (Official Video)",1991
161,Ben E. King,STAND BY ME,577800761,https://www.youtube.com/watch?v=hwZNL7QVJjE,,Ben E. King - Stand By Me (Audio),1961
162,Clannad,ROBIN (THE HOODED MAN),772437,https://www.youtube.com/watch?v=Y8uMvUgnpwI,,Clannad - Robin (The Hooded Man),1984
163,Disturbed,THE SOUND OF SILENCE,1146851885,https://www.youtube.com/watch?v=u9Dg-g7t2l4,,Disturbed  - The Sound Of Silence (Official Music Video) [4K UPGRADE],2015
164,The Mamas & The Papas,CALIFORNIA DREAMIN',377531336,https://www.youtube.com/watch?v=N-aK6JnyFmk,,The Mamas & The Papas - California Dreamin',1965
165,U2,I STILL HAVEN'T FOUND WHAT I'M LOOKING FOR,253981075,https://www.youtube.com/watch?v=e3-5YC_oHjE,,U2 - I Still Haven't Found What I'm Looking For (Official Music Video),1987
166,Beverley Craven,PROMISE ME,40532314,https://www.youtube.com/watch?v=EmTBKbyaEjU,,Beverley Craven - Promise Me,1990
167,Eurythmics,HERE COMES THE RAIN AGAIN,74377262,https://www.youtube.com/watch?v=TzFnYcIqj6I,,"Eurythmics, Annie Lennox, Dave Stewart - Here Comes The Rain Again (Remastered)",1984
168,Iron Maiden,FEAR OF THE DARK,175993210,https://www.youtube.com/watch?v=bePCRKGUwAY,,Fear of the Dark (2015 Remaster),1992
169,Metallica,ENTER SANDMAN,767859780,https://www.youtube.com/watch?v=CD-E-LDc384,,Metallica: Enter Sandman (Official Music Video),1991
170,Jon And Vangelis,I'LL FIND MY WAY HOME,9365987,https://www.youtube.com/watch?v=rKqLAVyRaXw,,"Jon & Vangelis - I'll Find My Way Home (Live on Top Of The Pops, 1982)",1981
171,Pearl Jam,ALIVE,101608833,https://www.youtube.com/watch?v=qM0zINtulhM,,Pearl Jam - Alive (Official Video),1991
172,The White Stripes,SEVEN NATION ARMY,793889863,https://www.youtube.com/watch?v=0J2QdDbelmY,,The White Stripes - Seven Nation Army (Official Music Video),2003
173,Bon Jovi,LIVIN' ON A PRAYER,1391390968,https://www.youtube.com/watch?v=lDK9QqIzhwk,,Bon Jovi - Livin' On A Prayer,1986
174,Chris Rea,THE ROAD TO HELL,53315633,https://www.youtube.com/watch?v=OcW-BSEB3ng,,Chris Rea - The Road to Hell Pt 2 (Official Music Video),1989
175,Status Quo,IN THE ARMY NOW,84431446,https://www.youtube.com/watch?v=EIxsPBbZ_b8,,Status Quo - In The Army Now (Video),1986
176,Hozier,TAKE ME TO CHURCH,584216470,https://www.youtube.com/watch?v=MYSVMgRr6pw,,Hozier - Take Me To Church,2013
177,The Clash,SHOULD I STAY OR SHOULD I GO,145804106,https://www.youtube.com/watch?v=BN1WwnEDWAM,,The Clash - Should I Stay or Should I Go (Official Audio),1982
178,Limahl,NEVER ENDING STORY,59788226,https://www.youtube.com/watch?v=Gf1WT8VEZxk,,Limahl - Never Ending Story - 1984,1984
179,Joe Cocker,YOU ARE SO BEAUTIFUL,39657160,https://www.youtube.com/watch?v=wlDmslyGmGI,,Joe Cocker - You are so beautiful (nearly unplugged),1974
180,Black Sabbath,CHANGES,4223463,https://www.youtube.com/watch?v=_eBCxYVma1g,,Changes (2021 Remaster),1972
181,Dolly Parton,JOLENE,546014874,https://www.youtube.com/watch?v=wOwblaKmyVw,,"Miley Cyrus - The Backyard Sessions - ""Jolene""",1973
182,Sade,NO ORDINARY LOVE,197289311,https://www.youtube.com/watch?v=_WcWHZc8s2I,,Sade - No Ordinary Love - Official - 1992,1992
183,Jimi Hendrix Experience,HEY JOE,44083609,https://www.youtube.com/watch?v=rXwMrBb2x1Q,,The Jimi Hendrix Experience - Hey Joe (Official Audio),1966
184,Kate Bush,WUTHERING HEIGHTS,63490861,https://www.youtube.com/watch?v=-1pMMIe4hb4,,Kate Bush - Wuthering Heights - Official Music Video - Version 1,1978
185,Michael Jackson,THRILLER,1099454267,https://www.youtube.com/watch?v=sOnqjkJTMaA,,Michael Jackson - Thriller (Official 4K Video),1982
186,Elvis Presley,ALWAYS ON MY MIND,29020154,https://www.youtube.com/watch?v=wTRSlZEq_l0,,Elvis Presley - Always On My Mind,1972
187,Nirvana,THE MAN WHO SOLD THE WORLD (MTV UNPLUGGED),629741670,https://www.youtube.com/watch?v=fregObNcHC8,,Nirvana - The Man Who Sold The World (MTV Unplugged),1994
188,George Michael,JESUS TO A CHILD,30548118,https://www.youtube.com/watch?v=zNBj4EV_hAo,,George Michael - Jesus to a Child (Official Music Video),1996
189,Scorpions,STILL LOVING YOU,202809903,https://www.youtube.com/watch?v=CjRas1yOWvo,,Scorpions - Still Loving You (original video),1984
190,Adele,HELLO,3241668019,https://www.youtube.com/watch?v=YQHsXMglC9A,,Adele - Hello (Official Music Video),2015
191,Bill Withers,AIN'T NO SUNSHINE,54550933,https://www.youtube.com/watch?v=Nuanwn3v-2I,,"Bill Withers - Ain't No Sunshine (Old Grey Whistle Test, 1972)",1971
192,Barry White,"YOU'RE THE FIRST, THE LAST, MY EVERYTHING",60261404,https://www.youtube.com/watch?v=tB54XUhA9_w,,Barry White - My First My Last My Everything,1974
193,Linkin Park,IN THE END,2166309752,https://www.youtube.com/watch?v=eVTXPUF4Oz4,,In The End [Official HD Music Video] - Linkin Park,2001
194,Coolio,GANGSTA'S PARADISE,1918853649,https://www.youtube.com/watch?v=fPO76Jlnz6c,,Coolio - Gangsta's Paradise (feat. L.V.) [Official Music Video],1995
195,Tina Turner,THE BEST,327970342,https://www.youtube.com/watch?v=GC5E8ie2pdM,,Tina Turner - The Best (Official Music Video),1989
196,Queen,WHO WANTS TO LIVE FOREVER,181432000,https://www.youtube.com/watch?v=_Jtpf8N5IDE,,Queen - Who Wants To Live Forever (Official Video),1986
197,OMD,ENOLA GAY,81571513,https://www.youtube.com/watch?v=d5XJ2GiR6Bo,,Orchestral Manoeuvres In The Dark - Enola Gay (Official Music Video),1980
198,Lionel Richie,HELLO,124124279,https://www.youtube.com/watch?v=mHONNcZbwDY,,Lionel Richie - Hello (Official Music Video),1984
199,Led Zeppelin,WHOLE LOTTA LOVE,254926604,https://www.youtube.com/watch?v=HQmmM_qwG4k,,Led Zeppelin - Whole Lotta Love (Official Music Video),1969
200,Kings Of Leon,SEX ON FIRE,619461796,https://www.youtube.com/watch?v=RF0HhrwIwp0,,Kings Of Leon - Sex on Fire (Official Video),2008
201,Annie Lennox,WHY,108633975,https://www.youtube.com/watch?v=HG7I4oniOyA,,Annie Lennox - Why (Official Music Video),1992
202,The Clash,LONDON CALLING,65850429,https://www.youtube.com/watch?v=EfK-WX2pa8c,,The Clash - London Calling (Official Video),1979
203,Guns N' Roses,DON'T CRY,870091420,https://www.youtube.com/watch?v=zRIbf6JqkNc,,Guns N' Roses - Don't Cry,1991
204,Cigarettes After Sex,SWEET,75981357,https://www.youtube.com/watch?v=pZ31pyTZdh0,,Sweet - Cigarettes After Sex,2017
205,Andrea Bocelli & Sarah Brightman,TIME TO SAY GOODBYE,123673794,https://www.youtube.com/watch?v=4L_yCwFD6Jo,,"Andrea Bocelli, Sarah Brightman - Time To Say Goodbye (Live From Teatro Del Silenzio, Italy / 2007)",1996
206,Aerosmith,CRAZY,729374059,https://www.youtube.com/watch?v=NMNgbISmF4I,,Aerosmith - Crazy (Official Music Video),1994
207,Dire Straits,PRIVATE INVESTIGATIONS,11087073,https://www.youtube.com/watch?v=P9K27HvhDxA,,Dire Straits - Private Investigations (Official Music Video),1982
208,Arctic Monkeys,DO I WANNA KNOW,1834188762,https://www.youtube.com/watch?v=bpOSxM0rNPM,,Arctic Monkeys - Do I Wanna Know? (Official Video),2013
209,Amy Winehouse,REHAB,396088808,https://www.youtube.com/watch?v=KUmZp8pR1uc,,Amy Winehouse - Rehab,2006
210,Audrey Hepburn,MOON RIVER,9972825,https://www.youtube.com/watch?v=uirBWk-qd9A,,Breakfast at Tiffany's (3/9) Movie CLIP - Moon River (1961) HD,1961
211,Elton John,I'M STILL STANDING,266234431,https://www.youtube.com/watch?v=ZHwVBirqD2s,,Elton John - I'm Still Standing,1983
212,Pet Shop Boys,IT'S A SIN,214464996,https://www.youtube.com/watch?v=dRHetRTOD1Q,,Pet Shop Boys - It's A Sin (Official Video) [HD REMASTERED],1987
213,Daft Punk,GET LUCKY,836985334,https://www.youtube.com/watch?v=5NV6Rdv1a3I,,"Daft Punk - Get Lucky (Official Audio) ft. Pharrell Williams, Nile Rodgers",2013
214,Electric Light Orchestra,TICKET TO THE MOON,9062041,https://www.youtube.com/watch?v=ZXBiPY8wDT0,,Electric Light Orchestra - Ticket To The Moon (Official Video),1981
215,Beastie Boys,SABOTAGE,147937239,https://www.youtube.com/watch?v=z5rRZdiu1UE,,Beastie Boys - Sabotage (Official Music Video),1994
216,Alice Cooper,POISON,328269439,https://www.youtube.com/watch?v=Qq4j1LtCdww,,Alice Cooper - Poison,1989
217,Cocteau Twins,PANDORA,2774891,https://www.youtube.com/watch?v=h_ICl20EJjY,,Cocteau Twins -  Pandora,1984
218,Dire Straits,YOUR LATEST TRICK,23864679,https://www.youtube.com/watch?v=AKiVttFnqkY,,Dire Straits - Your Latest Trick (Video),1985
219,The Cure,LOVESONG,91251773,https://www.youtube.com/watch?v=ks_qOI0lzho,,The Cure - Lovesong,1989
220,Santana,SAMBA PA TI,88667604,https://www.youtube.com/watch?v=JGJdU2dpYxg,,Santana   Samba Pa Ti,1970
221,Ozzy Osbourne,DREAMER,155407074,https://www.youtube.com/watch?v=LCCiwPEdEpg,,"OZZY OSBOURNE - ""Dreamer"" (Official Video)",2001
222,Aretha Franklin,RESPECT,14926454,https://www.youtube.com/watch?v=A134hShx_gw,,Aretha Franklin - Respect (Official Lyric Video),1967
223,The Doors,LIGHT MY FIRE,41493548,https://www.youtube.com/watch?v=mbj1RFaoyLk,,The Doors - Light My Fire,1967
224,Pink Floyd,TIME,39078220,https://www.youtube.com/watch?v=k9ynZnEBtvw,,Pink Floyd - The Dark Side Of The Moon (50th Anniversary) [2023 Remaster] {Full Album},1973
225,Annie Lennox,NO MORE I LOVE YOU'S,84024119,https://www.youtube.com/watch?v=NSkboTTTmpg,,"Annie Lennox - No More ""I Love You's"" (Official Video)",1995
226,Basia,CRUISING FOR BRUISING,3119830,https://www.youtube.com/watch?v=0mXUgwHzRgA,,Basia - Cruising for Bruising,1990
227,Madonna,LIKE A PRAYER,383451694,https://www.youtube.com/watch?v=79fzeNUqQbQ,,Madonna - Like A Prayer (Official Video),1989
228,Talking Heads,PSYCHO KILLER,18714514,https://www.youtube.com/watch?v=eauZzwt8Ci8,,Talking Heads - Psycho Killer (Official Audio),1977
229,Guns N' Roses,KNOCKIN' ON HEAVEN'S DOOR,136547927,https://www.youtube.com/watch?v=gXVGZv9Ya6w,,Guns N' Roses   Knockin' On Heaven's Door (videoclip) HD,1987
230,Massive Attack,TEARDROP,111310175,https://www.youtube.com/watch?v=u7K72X4eo_s,,Massive Attack - Teardrop (Official Video),1998
231,Bonnie Tyler,TOTAL ECLIPSE OF THE HEART,1288732718,https://www.youtube.com/watch?v=lcOxhH8N3Bo,,Bonnie Tyler - Total Eclipse of the Heart (Turn Around) (Official Video),1983
232,The Cure,FRIDAY I'M IN LOVE,148366566,https://www.youtube.com/watch?v=mGgMZpGYiy8,,The Cure - Friday I'm In Love,1992
233,The Bolshoi,SUNDAY MORNING,12779607,https://www.youtube.com/watch?v=-pob1sW4AjY,,The Bolshoi - Sunday Morning HD,1986
234,Genesis,HOME BY THE SEA,9376749,https://www.youtube.com/watch?v=0j6d7VeYvdQ,,Genesis   Home By The Sea,1983
235,Simply Red,IF YOU DON'T KNOW ME BY NOW,164555969,https://www.youtube.com/watch?v=zTcu7MCtuTs,,Simply Red - If You Don't Know Me By Now (Official Video),1989
236,Queen,LOVE OF MY LIFE (LIVE AT WEMBLEY),627259,https://www.youtube.com/watch?v=pOQV5g-7ZhY,,Love of My Life (Live At Wembley Stadium / July 1986),1986
237,Sting & Cheb Mami,DESERT ROSE,566972134,https://www.youtube.com/watch?v=C3lWwBslWqg,,Sting - Desert Rose,1999
238,David Bowie,HEROES,232803632,https://www.youtube.com/watch?v=bsYp9q3QNaQ,,David Bowie - Heroes,1977
239,New Order,BLUE MONDAY,190669368,https://www.youtube.com/watch?v=FYH8DsU2WCk,,New Order - Blue Monday,1983
240,Yes,OWNER OF A LONELY HEART,65738373,https://www.youtube.com/watch?v=SVOuYquXuuc,,YES - Owner of a Lonely Heart (Official Music Video),1983
241,The Verve,BITTER SWEET SYMPHONY,1240613678,https://www.youtube.com/watch?v=1lyu1KKwC74,,The Verve - Bitter Sweet Symphony,1997
242,Santana,EUROPA,45272865,https://www.youtube.com/watch?v=Ot6pSrKT1oc,,EUROPA - Santana,1976
243,Elton John,ROCKET MAN,173142533,https://www.youtube.com/watch?v=DtVBCG6ThDk,,Elton John - Rocket Man (Official Music Video),1972
244,Blur,SONG 2,223955833,https://www.youtube.com/watch?v=SSbBvKaM6sk,,Blur - Song 2 (Official Music Video),1997
245,Enya,ORINOCO FLOW,89070496,https://www.youtube.com/watch?v=LTrk4X9ACtw,,Enya - Orinoco Flow (Official 4K Music Video),1988
246,Vangelis,CONQUEST OF PARADISE (1492),107802781,https://www.youtube.com/watch?v=WYeDsa4Tw0c,,Vangelis - Conquest of paradise,1992
247,Jennifer Rush,THE POWER OF LOVE,179021619,https://www.youtube.com/watch?v=b_zHQ6kFuQ0,,Jennifer Rush - The Power Of Love (Official Video) (VOD),1984
248,Marillion,LAVENDER,2935200,https://www.youtube.com/watch?v=ZTdOMV-yTRg,,Lavender - Marillion,1985
249,a-ha,CRYING IN THE RAIN,63917387,https://www.youtube.com/watch?v=h-WPexVEujg,,a-ha - Crying in the Rain (Official Video),1990
250,Elton John,SACRIFICE,889218491,https://www.youtube.com/watch?v=NrLkTZrPZA4,,Elton John - Sacrifice,1989
251,Faith No More,EASY,35626061,https://www.youtube.com/watch?v=vPzDTfIb0DU,,Faith No More - Easy (Official Music Video),1992
252,The Fugees,KILLING ME SOFTLY WITH HIS SONG,752272206,https://www.youtube.com/watch?v=oKOtzIo-uYw,,Fugees - Killing Me Softly With His Song (Official Video),1996
253,Joe Dassin,ET SI TU N'EXISTAIS PAS,86139744,https://www.youtube.com/watch?v=abfQQ1hzN9M,,Et Si Tu N'Existais Pas - Joe Dassin Lyrics,1975
254,Queen,WE ARE THE CHAMPIONS,289902878,https://www.youtube.com/watch?v=04854XqcfCY,,Queen - We Are The Champions (Official Video),1977
255,The Rolling Stones,(I CAN'T GET NO) SATISFACTION,191072165,https://www.youtube.com/watch?v=nrIPxlFzDi0,,The Rolling Stones - (I Can't Get No) Satisfaction (Official Lyric Video),1965
256,David Bowie,ABSOLUTE BEGINNERS,21616274,https://www.youtube.com/watch?v=o_cHvtPB2dY,,David Bowie - Absolute Beginners,1986
257,Oasis,WONDERWALL,498424385,https://www.youtube.com/watch?v=bx1Bh8ZvH84,,Oasis - Wonderwall (Official Video),1995
258,a-ha,HUNTING HIGH AND LOW,85534884,https://www.youtube.com/watch?v=s6VaeFCxta8,,a-ha - Hunting High and Low (Official Video),1986
259,The Alan Parsons Project,EYE IN THE SKY,76593100,https://www.youtube.com/watch?v=Q6ZRGzx31iQ,,"The Alan Parsons Symphonic Project ""Sirius"" - ""Eye In The Sky"" (Live in Colombia)",1982
260,Bill Medley & Jennifer Warner,(I'VE HAD) THE TIME OF MY LIFE,48511197,https://www.youtube.com/watch?v=4BQLE_RrTSU,,"Bill Medley, Jennifer Warnes - (I've Had) The Time Of My Life (Official HD Video)",1987
261,Linkin Park,NUMB,2625365308,https://www.youtube.com/watch?v=kXYiU_JCYtU,,Numb (Official Music Video) [4K UPGRADE] – Linkin Park,2003
262,Nena,99 LUFTBALLONS,64904686,https://www.youtube.com/watch?v=Fpu5a0Bl8eY,,NENA | 99 Luftballons [1983] [Offizielles HD Musikvideo],1983
263,Joe Cocker,WITH A LITTLE HELP FROM MY FRIENDS,42398020,https://www.youtube.com/watch?v=LpwabPQW4p4,,Joe Cocker - With A Little Help From My Friends (Live),1968
264,10cc,I'M NOT IN LOVE,72830556,https://www.youtube.com/watch?v=ii6pRq0-mhY,,10cc - I'M NOT IN LOVE,1975
265,Mark Knopfler's Guitar Heroes,GOING HOME (THEME FROM LOCAL HERO),15061109,https://www.youtube.com/watch?v=DfXUyQsmXRk,,Mark Knopfler - Going Home: Theme of the Local Hero (A Night In London | Official Live Video),1983
266,Alicia Keys,FALLIN',377656204,https://www.youtube.com/watch?v=Urdlvw0SSEc,,Alicia Keys - Fallin' (Official HD Video),2001
267,Guns N' Roses,SWEET CHILD O'MINE,1877493050,https://www.youtube.com/watch?v=1w7OgIMMRc4,,Guns N' Roses - Sweet Child O' Mine (Official Music Video),1988
268,Alannah Myles,BLACK VELVET,169660685,https://www.youtube.com/watch?v=tT4d1LQy4es,,Alannah Myles - Black Velvet,1989
269,Eminem,LOSE YOURSELF,1421089431,https://www.youtube.com/watch?v=_Yhyp-_hX2s,,Eminem - Lose Yourself [HD],2002
270,Mike Oldfield & Maggie Reilly,MOONLIGHT SHADOW,120731036,https://www.youtube.com/watch?v=e80qhyovOnA,,Mike Oldfield - Moonlight Shadow ft. Maggie Reilly,1983
271,Jay-Z & Alicia Keys,EMPIRE STATE OF MIND,431273215,https://www.youtube.com/watch?v=vk6014HuxcE,,JAY-Z - Empire State Of Mind ft. Alicia Keys,2009
272,Johnny Cash,HURT,322776395,https://www.youtube.com/watch?v=8AHCfZTRGiI,,Johnny Cash - Hurt,2002
273,Roberta Flack,KILLING ME SOFTLY WITH HIS SONG,12709574,https://www.youtube.com/watch?v=DEbi_YjpA-Y,,Roberta Flack - Killing Me Softly With His Song (Official Audio),1973
274,Freddie Mercury & Montserrat Caballe,BARCELONA,100495661,https://www.youtube.com/watch?v=ksNoe8W2jTc,,"Freddie Mercury & Montserrat Caballé - How Can I Go On (Live at La Nit, 1988 Remastered)",1987
275,The Doors,PEOPLE ARE STRANGE,27828493,https://www.youtube.com/watch?v=j0Mz_IqpZX8,,The Doors - People Are Strange,1967
276,Chris Rea,LOOKING FOR THE SUMMER,30936548,https://www.youtube.com/watch?v=A8a6kHQN9BA,,Chris Rea - Looking For The Summer  HD 720,1991
277,Portishead,GLORY BOX,54499475,https://www.youtube.com/watch?v=4qQyUi4zfDs,,Portishead - Glory Box,1994
278,David Gilmour,BETWEEN TWO POINTS (FEAT. ROMANY GILMOUR),11218385,https://www.youtube.com/watch?v=o_QTaUuU8F4,,David Gilmour - Between Two Points (with Romany Gilmour) [Tour Rehearsal],2024
279,Bob Dylan,BLOWIN' IN THE WIND,26036705,https://www.youtube.com/watch?v=MMFj8uDubsE,,Bob Dylan - Blowin' in the Wind (Official Audio),1963
280,Rodriguez,SUGAR MAN,7754944,https://www.youtube.com/watch?v=E90_aL870ao,,Sixto Rodriguez - Sugar Man,1970
281,Bon Jovi,IT'S MY LIFE,1554214778,https://www.youtube.com/watch?v=vx2u5uUu3DE,,Bon Jovi - It's My Life (Official Music Video),2000
282,The Prodigy,BREATHE,117880065,https://www.youtube.com/watch?v=rmHDhAohJlQ,,The Prodigy - Breathe (Official Video),1996
283,Dalida & Alain Delon,"PAROLES, PAROLES",64660746,https://www.youtube.com/watch?v=_ifJapuqYiU,,"Dalida & Alain Delon - Paroles, paroles",1973
284,Seal,KISS FROM A ROSE,15936970,https://www.youtube.com/watch?v=Kwdweif1YI0,,Seal - Kiss From A Rose [Seal Version] (Official Video) [HD],1994
285,Derek And The Dominos,LAYLA,69851509,https://www.youtube.com/watch?v=TngViNw2pOo,,Layla,1970
286,Alice In Chains,WOULD?,200412943,https://www.youtube.com/watch?v=Nco_kh8xJDs,,Alice In Chains - Would? (Official HD Video),1992
287,Cyndi Lauper,TIME AFTER TIME,586884180,https://www.youtube.com/watch?v=VdQY7BusJNU,,Cyndi Lauper - Time After Time (Official HD Video),1984
288,Michael Jackson,SMOOTH CRIMINAL,1132288439,https://www.youtube.com/watch?v=h_D3VFfhvs4,,Michael Jackson - Smooth Criminal (Official Video),1988
289,Johnny Cash,RING OF FIRE,52524759,https://www.youtube.com/watch?v=1WaV2x8GXj0,,Ring of Fire,1963
290,Black Sabbath,IRON MAN,25482279,https://www.youtube.com/watch?v=b3-QqGVt-tM,,Iron Man (2012 Remaster),1970
291,Jack Savoretti,YOU DON'T HAVE TO SAY YOU LOVE ME,2793284,https://www.youtube.com/watch?v=wsAqUvfJbhg,,You Don't Have To Say You Love Me / Io che non vivo senza te (Medley / Live At Pool Stu...,2022
292,Beastie Boys,(YOU GOTTA) FIGHT FOR YOUR RIGHT (TO PARTY!),82566832,https://www.youtube.com/watch?v=eBShN8qT4lk,,Beastie Boys - (You Gotta) Fight For Your Right (To Party) (Official Music Video),1986
293,Röyksopp,WHAT ELSE IS THERE?,35395037,https://www.youtube.com/watch?v=ADBKdSCbmiM,,Röyksopp - What Else Is There ?,2005
294,Tears For Fears,SHOUT,246606965,https://www.youtube.com/watch?v=Ye7FKc1JQe4,,Tears For Fears - Shout (Official Music Video),1984
295,Queen,RADIO GA GA,339901812,https://www.youtube.com/watch?v=azdwsXLmrHE,,Queen - Radio Ga Ga (Official Video),1984
296,Tina Turner,GOLDENEYE,18493752,https://www.youtube.com/watch?v=4hGQ97tCTOs,,Tina Turner - Golden Eye (HD),1995
297,Bryan Ferry,SLAVE TO LOVE,85766381,https://www.youtube.com/watch?v=UH1CMCtV4to,,Bryan Ferry - Slave To Love (Official Music Video),1985
298,Janis Joplin,PIECE OF MY HEART,40936066,https://www.youtube.com/watch?v=7uG2gYE5KOs,,Janis Joplin - Piece Of My Heart,1968
299,Whitney Houston,I HAVE NOTHING,988761179,https://www.youtube.com/watch?v=FxYw0XPEoKE,,Whitney Houston - I Have Nothing (Official HD Video),1993
300,Red Hot Chili Peppers,OTHERSIDE,891579985,https://www.youtube.com/watch?v=rn_YodiJO6k,,Red Hot Chili Peppers - Otherside [Official Music Video] [HD UPGRADE],2000
301,Freddie Mercury,I WAS BORN TO LOVE YOU,86354557,https://www.youtube.com/watch?v=Fna56a_r41s,,Queen - I Was Born To Love You (Official Video),1985
302,Amy Winehouse,YOU KNOW I'M NO GOOD,434851297,https://www.youtube.com/watch?v=b-I2s5zRbHg,,Amy Winehouse - You Know I'm No Good,2006
303,Céline Dion,MY HEART WILL GO ON,220998650,https://www.youtube.com/watch?v=F2RnxZnubCM,,Titanic • My Heart Will Go On • Celine Dion,1997
304,Gorillaz,CLINT EASTWOOD,993833334,https://www.youtube.com/watch?v=1V_xRb0x9aw,,Gorillaz - Clint Eastwood (Official Video),2001
305,Blondie,HEART OF GLASS,621035457,https://www.youtube.com/watch?v=WGU_4-5RaxU,,Blondie - Heart Of Glass,1979
306,The Beatles,ALL YOU NEED IS LOVE,19672010,https://www.youtube.com/watch?v=_7xMfIp-irg,,All You Need Is Love (Remastered 2009),1967
307,Tom Odell,ANOTHER LOVE,1125194124,https://www.youtube.com/watch?v=MwpMEbgC7DA,,Tom Odell - Another Love (Official Video),2012
308,Adele,ROLLING IN THE DEEP,2786733202,https://www.youtube.com/watch?v=rYEDA3JcQqw,,Adele - Rolling in the Deep (Official Music Video),2010
309,Stevie Wonder,I JUST CALLED TO SAY I LOVE YOU,161093501,https://www.youtube.com/watch?v=1bGOgY1CmiU,,Stevie Wonder I Just Called To Say I Love You,1984
310,Janis Joplin,SUMMERTIME,18848563,https://www.youtube.com/watch?v=bn5TNqjuHiU,,"Janis Joplin ""Summertime"" (Live -1969)",1968
311,Rammstein,DU HAST,675618237,https://www.youtube.com/watch?v=W3q8Od5qJio,,Rammstein - Du Hast (Official 4K Video),1997
312,Bryan Adams,HEAVEN,121109231,https://www.youtube.com/watch?v=3eT464L1YRA,,Bryan Adams - Heaven (Official Music Video),1985
313,Belinda Carlisle,HEAVEN IS A PLACE ON EARTH,124979279,https://www.youtube.com/watch?v=j2F4INQFjEI,,Belinda Carlisle - Heaven Is A Place On Earth (Official HD Music Video),1987
314,Bruce Springsteen,I'M ON FIRE,80077638,https://www.youtube.com/watch?v=lrpXArn3hII,,Bruce Springsteen - I'm On Fire (Official Video),1985
315,"Earth, Wind & Fire",SEPTEMBER,855729690,https://www.youtube.com/watch?v=Gs069dndIYk,,"Earth, Wind & Fire - September (Official HD Video)",1978
316,Ennio Morricone,GABRIEL'S OBOE,26253580,https://www.youtube.com/watch?v=s7w-IeNR9ko,,Morricone conducts Morricone: The Mission (Gabriel's Oboe),1986
317,Simon And Garfunkel,MRS. ROBINSON,112424213,https://www.youtube.com/watch?v=9C1BCAgu2I8,,Simon & Garfunkel - Mrs. Robinson (Audio),1968
318,Amy Macdonald,THIS IS THE LIFE,196465875,https://www.youtube.com/watch?v=iRYvuS9OxdA,,Amy Macdonald - This is the Life,2007
319,Massive Attack,UNFINISHED SYMPATHY,93008250,https://www.youtube.com/watch?v=ZWmrfgj0MZI,,Massive Attack - Unfinished Sympathy,1991
320,Zaz,SI JAMAIS J'OUBLIE,122353761,https://www.youtube.com/watch?v=5ZDsCJ4rGD4,,ZAZ - Si jamais j'oublie (Clip officiel),2015
321,Eminem feat. Dido,STAN,827091072,https://www.youtube.com/watch?v=gOMhN-hfMtY,,Eminem - Stan (Long Version) ft. Dido,2000
322,Kate Bush,BABOOSHKA,52615692,https://www.youtube.com/watch?v=6xckBwPdo1c,,Kate Bush - Babooshka - Official Music Video,1980
323,Lou Reed,PERFECT DAY,85945751,https://www.youtube.com/watch?v=QYEC4TZsy-Y,,Lou Reed - Perfect Day,1972
324,Red Box,CHENKO,419892,https://www.youtube.com/watch?v=dv-P7jWbY74,,Red Box - Chenko (Tenka-Io),1983
325,Motörhead,ACE OF SPADES,61042770,https://www.youtube.com/watch?v=3mbvWn1EY6g,,Motörhead – Ace Of Spades (Official Video),1980
326,The Cranberries,DREAMS,321532916,https://www.youtube.com/watch?v=Yam5uK6e-bQ,,The Cranberries - Dreams (Dir: Peter Scammell) (Official Music Video),1992
327,John Lennon,WOMAN,148593328,https://www.youtube.com/watch?v=ZhfWiU8wGCc,,"WOMAN. (Ultimate Mix, 2020) - John Lennon (official music video HD)",1980
328,Dave Brubeck Quartet,TAKE FIVE,93549621,https://www.youtube.com/watch?v=vmDDOFXSgAs,,Dave Brubeck - Take Five,1959
329,America,A HORSE WITH NO NAME,44971963,https://www.youtube.com/watch?v=na47wMFfQCo,,America - A Horse With No Name (Official Audio),1972
330,Bryan Ferry,DON'T STOP THE DANCE,105300916,https://www.youtube.com/watch?v=A8UWMFV7ONE,,Bryan Ferry - Don't Stop The Dance (Art Remastering),1985
331,Queen,I WANT TO BREAK FREE,576230211,https://www.youtube.com/watch?v=f4Mc-NYPHaQ,,Queen - I Want To Break Free (Official Video),1984
332,The Boomtown Rats,I DON'T LIKE MONDAYS,20874617,https://www.youtube.com/watch?v=-Kobdb37Cwc,,The Boomtown Rats - I Don't Like Mondays (Official Video),1979
333,Cyndi Lauper,TRUE COLORS,167823393,https://www.youtube.com/watch?v=LPn0KFlbqX8,,Cyndi Lauper - True Colors (Official HD Video),1986
334,Basia,NEW DAY FOR YOU,1474447,https://www.youtube.com/watch?v=jJPmZFUDoi8,,Basia - New Day for You (Video),1987
335,Pet Shop Boys,ALWAYS ON MY MIND,10665721,https://www.youtube.com/watch?v=RCHSkXFB46g,,Pet Shop Boys - Always On My Mind on Top Of The Pops 10/12/1987,1987
336,The Rolling Stones,ANYBODY SEEN MY BABY,90254885,https://www.youtube.com/watch?v=BinwuzZVjnE,,The Rolling Stones - Anybody Seen My Baby - OFFICIAL PROMO,1997
337,Queen,DON'T STOP ME NOW,968075965,https://www.youtube.com/watch?v=HgzGwKwLmgM,,Queen - Don't Stop Me Now (Official Video),1979
338,Roxy Music,AVALON,39209292,https://www.youtube.com/watch?v=bpA_5a0miWk,,Roxy Music - Avalon,1982
339,Kansas,DUST IN THE WIND,317801343,https://www.youtube.com/watch?v=tH2w6Oxx0kQ,,Kansas - Dust in the Wind (Official Video),1977
340,The Prodigy,FIRESTARTER,197451536,https://www.youtube.com/watch?v=wmin5WkOuPw,,The Prodigy - Firestarter (Official Video),1996
341,Fleetwood Mac,LITTLE LIES,87936602,https://www.youtube.com/watch?v=uCGD9dT12C0,,Fleetwood Mac - Little Lies (Official Music Video) [HD],1987
342,Eric Clapton,WONDERFUL TONIGHT,196456401,https://www.youtube.com/watch?v=UprwkbzUX6g,,Eric Clapton - Wonderful Tonight [Official Live],1977
343,Malcolm McLaren & Catherine Deneuve,PARIS PARIS,739761,https://www.youtube.com/watch?v=CGnYphYY050,,"Malcolm McLaren, Catherine Deneuve - Paris Paris",1994
344,Florence And The Machine,DOG DAYS ARE OVER,243398472,https://www.youtube.com/watch?v=iWOyfLBYtuU,,Florence + The Machine - Dog Days Are Over (2010 Version) (Official Music Video),2008
345,Midnight Oil,BEDS ARE BURNING,283843237,https://www.youtube.com/watch?v=ejorQVy3m8E,,Midnight Oil - Beds Are Burning,1987
346,Pearl Jam,BLACK,83061502,https://www.youtube.com/watch?v=qgaRVvAKoqQ,,Pearl Jam - Black (Official Audio),1991
347,System Of A Down,CHOP SUEY!,1515094100,https://www.youtube.com/watch?v=CSvFpBOe8eY,,System Of A Down - Chop Suey! (Official HD Video),2001
348,Duran Duran,ORDINARY WORLD,176646411,https://www.youtube.com/watch?v=FqIACCH20JU,,Duran Duran - Ordinary World (Official Music Video),1992
349,Kings Of Leon,USE SOMEBODY,357403623,https://www.youtube.com/watch?v=gnhXHvRoUd0,,Kings Of Leon - Use Somebody (Official Video),2008
350,Billy Joel,UPTOWN GIRL,270386985,https://www.youtube.com/watch?v=hCuMWrfXG4E,,Billy Joel - Uptown Girl (Official Video),1983
351,Billie Eilish,BAD GUY,1332797303,https://www.youtube.com/watch?v=DyDfgMOUjCI,,Billie Eilish - bad guy,2019
352,Fool's Garden,LEMON TREE,82143615,https://www.youtube.com/watch?v=wCQfkEkePx8,,Fools Garden - Lemon Tree (Official HD Video),1995
353,Jimi Hendrix,ALL ALONG THE WATCHTOWER,267466435,https://www.youtube.com/watch?v=TLV4_xaYynY,,The Jimi Hendrix Experience - All Along The Watchtower (Official Audio),1968
354,Lenny Kravitz,I BELONG TO YOU,124168971,https://www.youtube.com/watch?v=ucvLuGgsGS8,,Lenny Kravitz - I Belong To You (Official Music Video),1998
355,Sia,CHANDELIER,2888709725,https://www.youtube.com/watch?v=2vjPBrBU-TM,,Sia - Chandelier (Official Video),2014
356,Rammstein,RADIO,1185083,https://www.youtube.com/watch?v=Zh3X1zj5An4,,Radio - Rammstein (audio),2019
357,Frank Sinatra,STRANGERS IN THE NIGHT,23427932,https://www.youtube.com/watch?v=ZwAERaRUsp0,,Frank Sinatra - Strangers In The Night,1966
